dataset,method,compression_ratio,image_ratio,text_ratio,inner,n_samples,accuracy,mean_prefill_ms,mean_decode_ms,mean_throughput_tok_per_sec,peak_gpu_mem_gb,mean_image_fraction,mean_effective_compression,file
docvqa,h2o,0.0,,,,50,0.8,429.04140000000007,874.1249999999997,17.140199999999997,9.287,,,docvqa_h2o_cr0p00.jsonl
docvqa,h2o,0.3,,,,50,0.78,504.2816,828.0654000000001,17.62420000000001,9.133,,,docvqa_h2o_cr0p30.jsonl
docvqa,h2o,0.5,,,,50,0.76,505.9947999999998,838.8014,17.434200000000004,9.048,,,docvqa_h2o_cr0p50.jsonl
docvqa,h2o,0.7,,,,50,0.72,508.10940000000005,816.508,17.3898,9.048,,,docvqa_h2o_cr0p70.jsonl
docvqa,modality,,0.3,0.1,h2o,50,0.78,516.6520000000002,870.1622,17.456799999999998,9.134,,0.2985399999999998,docvqa_modality-h2o_i0p30_t0p10.jsonl
docvqa,modality,,0.5,0.2,h2o,50,0.74,518.6263999999999,952.3931999999998,17.5598,9.048,,0.49764000000000025,docvqa_modality-h2o_i0p50_t0p20.jsonl
docvqa,modality,,0.7,0.2,h2o,50,0.74,519.0822000000001,907.8906,17.528000000000002,9.048,,0.6960600000000001,docvqa_modality-h2o_i0p70_t0p20.jsonl
docvqa,modality,,0.7,0.3,h2o,50,0.72,521.8965999999999,975.5981999999999,17.4548,9.048,,0.69684,docvqa_modality-h2o_i0p70_t0p30.jsonl
docvqa,modality,,0.8,0.3,h2o,50,0.68,524.6882,961.7453999999998,17.413799999999995,9.048,,0.7960999999999996,docvqa_modality-h2o_i0p80_t0p30.jsonl
docvqa,pyramid,0.0,,,,50,0.76,428.3926,836.9440000000001,17.5736,9.287,,,docvqa_pyramid_cr0p00.jsonl
docvqa,pyramid,0.3,,,,50,0.74,462.87799999999993,899.5994000000001,17.602199999999993,9.129,,,docvqa_pyramid_cr0p30.jsonl
docvqa,pyramid,0.5,,,,50,0.74,466.64480000000003,928.4318000000002,17.644399999999997,9.048,,,docvqa_pyramid_cr0p50.jsonl
docvqa,pyramid,0.7,,,,50,0.8,464.2904000000001,813.9906000000001,17.770799999999998,9.048,,,docvqa_pyramid_cr0p70.jsonl
docvqa,snapkv,0.0,,,,50,0.74,429.3169999999999,932.9258,17.423000000000002,9.287,,,docvqa_snapkv_cr0p00.jsonl
docvqa,snapkv,0.3,,,,50,0.74,460.7276000000001,858.6436,17.8142,9.133,,,docvqa_snapkv_cr0p30.jsonl
docvqa,snapkv,0.5,,,,50,0.76,464.8007999999999,908.011,17.344399999999997,9.048,,,docvqa_snapkv_cr0p50.jsonl
docvqa,snapkv,0.7,,,,50,0.74,466.3564,877.415,17.4636,9.048,,,docvqa_snapkv_cr0p70.jsonl
docvqa,streaming,0.0,,,,50,0.76,427.4376000000001,948.3501999999999,17.6634,9.287,,,docvqa_streaming_cr0p00.jsonl
docvqa,streaming,0.3,,,,50,0.66,437.06620000000004,983.5568,17.788600000000002,9.135,,,docvqa_streaming_cr0p30.jsonl
docvqa,streaming,0.5,,,,50,0.68,439.57500000000005,958.3316000000004,17.252,9.048,,,docvqa_streaming_cr0p50.jsonl
docvqa,streaming,0.7,,,,50,0.64,441.1588,990.8011999999998,17.692600000000002,9.048,,,docvqa_streaming_cr0p70.jsonl
mathvista,h2o,0.0,,,,50,0.16,333.1126000000001,1280.0741999999996,16.727800000000006,12.397,,,mathvista_h2o_cr0p00.jsonl
mathvista,h2o,0.3,,,,50,0.14,281.80140000000006,1225.5748,17.4058,11.725,,,mathvista_h2o_cr0p30.jsonl
mathvista,h2o,0.5,,,,50,0.18,265.37639999999993,1255.301,17.5134,11.427,,,mathvista_h2o_cr0p50.jsonl
mathvista,h2o,0.7,,,,50,0.18,264.85479999999984,1187.245,17.50839999999999,11.427,,,mathvista_h2o_cr0p70.jsonl
mathvista,modality,,0.3,0.1,h2o,50,0.14,288.88800000000003,1278.8756,16.661600000000004,11.727,,0.23559999999999998,mathvista_modality-h2o_i0p30_t0p10.jsonl
mathvista,modality,,0.5,0.2,h2o,50,0.14,285.1728,1254.9721999999997,17.010199999999998,11.427,,0.40348,mathvista_modality-h2o_i0p50_t0p20.jsonl
mathvista,modality,,0.7,0.2,h2o,50,0.18,286.8487999999999,1271.3563999999997,16.860800000000005,11.427,,0.5388199999999999,mathvista_modality-h2o_i0p70_t0p20.jsonl
mathvista,modality,,0.7,0.3,h2o,50,0.16,289.36699999999985,1288.1103999999996,16.609199999999998,11.427,,0.57112,mathvista_modality-h2o_i0p70_t0p30.jsonl
mathvista,modality,,0.8,0.3,h2o,50,0.16,288.0328,1268.6252,16.900000000000002,11.427,,0.6394400000000001,mathvista_modality-h2o_i0p80_t0p30.jsonl
mathvista,pyramid,0.0,,,,50,0.18,210.05600000000007,1284.5106000000003,16.585600000000003,12.397,,,mathvista_pyramid_cr0p00.jsonl
mathvista,pyramid,0.3,,,,50,0.2,236.68040000000005,1283.2151999999996,16.648999999999997,11.731,,,mathvista_pyramid_cr0p30.jsonl
mathvista,pyramid,0.5,,,,50,0.2,231.53239999999994,1248.5938000000003,17.102600000000006,11.427,,,mathvista_pyramid_cr0p50.jsonl
mathvista,pyramid,0.7,,,,50,0.14,234.24419999999998,1277.5410000000002,16.0138,11.427,,,mathvista_pyramid_cr0p70.jsonl
mathvista,snapkv,0.0,,,,50,0.2,206.0278,1278.5738,16.646199999999993,12.397,,,mathvista_snapkv_cr0p00.jsonl
mathvista,snapkv,0.3,,,,50,0.16,238.02120000000005,1273.9790000000003,16.7384,11.725,,,mathvista_snapkv_cr0p30.jsonl
mathvista,snapkv,0.5,,,,50,0.16,233.72439999999997,1257.7035999999998,16.957000000000004,11.427,,,mathvista_snapkv_cr0p50.jsonl
mathvista,snapkv,0.7,,,,50,0.14,231.58280000000002,1255.3116000000002,16.7996,11.427,,,mathvista_snapkv_cr0p70.jsonl
mathvista,streaming,0.0,,,,50,0.16,202.64280000000002,1243.3329999999996,17.145799999999994,12.397,,,mathvista_streaming_cr0p00.jsonl
mathvista,streaming,0.3,,,,50,0.16,210.19420000000005,1258.7024000000001,16.952,11.725,,,mathvista_streaming_cr0p30.jsonl
mathvista,streaming,0.5,,,,50,0.18,210.8074000000001,1273.1591999999996,16.7444,11.427,,,mathvista_streaming_cr0p50.jsonl
mathvista,streaming,0.7,,,,50,0.18,208.71900000000002,1269.3716,16.843199999999996,11.427,,,mathvista_streaming_cr0p70.jsonl
mmmu,h2o,0.0,,,,30,0.6,372.8103333333334,302.06066666666663,16.547,8.759,,,mmmu_h2o_cr0p00.jsonl
mmmu,h2o,0.3,,,,30,0.7,206.37433333333334,277.9536666666666,16.790333333333333,8.688,,,mmmu_h2o_cr0p30.jsonl
mmmu,h2o,0.5,,,,30,0.6666666666666666,185.8213333333333,252.3166666666666,17.131666666666668,8.626,,,mmmu_h2o_cr0p50.jsonl
mmmu,h2o,0.7,,,,30,0.7,189.98099999999997,253.18066666666672,17.12033333333333,8.623,,,mmmu_h2o_cr0p70.jsonl
mmmu,modality,,0.3,0.1,h2o,30,0.7,202.74200000000005,291.1523333333334,16.56566666666667,8.69,,0.2176,mmmu_modality-h2o_i0p30_t0p10.jsonl
mmmu,modality,,0.5,0.2,h2o,30,0.6666666666666666,201.38833333333332,278.6873333333334,16.829333333333334,8.632,,0.37666666666666676,mmmu_modality-h2o_i0p50_t0p20.jsonl
mmmu,modality,,0.7,0.2,h2o,30,0.6666666666666666,203.6086666666667,286.4646666666667,16.427333333333333,8.623,,0.4939666666666667,mmmu_modality-h2o_i0p70_t0p20.jsonl
mmmu,modality,,0.7,0.3,h2o,30,0.6666666666666666,199.15766666666667,271.626,16.859666666666666,8.623,,0.5347333333333334,mmmu_modality-h2o_i0p70_t0p30.jsonl
mmmu,modality,,0.8,0.3,h2o,30,0.6666666666666666,201.772,292.1673333333334,16.573666666666668,8.623,,0.5937,mmmu_modality-h2o_i0p80_t0p30.jsonl
mmmu,pyramid,0.0,,,,30,0.6333333333333333,128.12866666666665,293.0683333333333,16.464666666666666,8.759,,,mmmu_pyramid_cr0p00.jsonl
mmmu,pyramid,0.3,,,,30,0.6333333333333333,154.55166666666668,290.6856666666667,16.675666666666668,8.688,,,mmmu_pyramid_cr0p30.jsonl
mmmu,pyramid,0.5,,,,30,0.7,151.44366666666667,284.9563333333334,16.823,8.634,,,mmmu_pyramid_cr0p50.jsonl
mmmu,pyramid,0.7,,,,30,0.6666666666666666,150.73333333333332,640.2166666666668,16.59433333333333,8.623,,,mmmu_pyramid_cr0p70.jsonl
mmmu,snapkv,0.0,,,,30,0.6666666666666666,130.09300000000002,285.03600000000006,16.873666666666665,8.759,,,mmmu_snapkv_cr0p00.jsonl
mmmu,snapkv,0.3,,,,30,0.6666666666666666,154.71099999999998,296.6166666666667,16.831333333333333,8.688,,,mmmu_snapkv_cr0p30.jsonl
mmmu,snapkv,0.5,,,,30,0.6333333333333333,157.91466666666662,285.661,16.970333333333333,8.626,,,mmmu_snapkv_cr0p50.jsonl
mmmu,snapkv,0.7,,,,30,0.6333333333333333,150.34266666666664,638.3096666666665,17.005666666666666,8.623,,,mmmu_snapkv_cr0p70.jsonl
mmmu,streaming,0.0,,,,30,0.7,127.22999999999999,281.7393333333333,17.079000000000004,8.759,,,mmmu_streaming_cr0p00.jsonl
mmmu,streaming,0.3,,,,30,0.6333333333333333,133.5023333333333,292.72,17.005333333333333,8.688,,,mmmu_streaming_cr0p30.jsonl
mmmu,streaming,0.5,,,,30,0.6333333333333333,128.62466666666666,292.6876666666667,17.018666666666668,8.626,,,mmmu_streaming_cr0p50.jsonl
mmmu,streaming,0.7,,,,30,0.6333333333333333,127.66299999999998,281.64933333333335,17.084,8.623,,,mmmu_streaming_cr0p70.jsonl
realworldqa,h2o,0.0,,,,50,0.64,309.7317999999999,67.91779999999997,16.3998,8.734,,,realworldqa_h2o_cr0p00.jsonl
realworldqa,h2o,0.3,,,,50,0.64,251.64820000000006,62.62280000000001,16.650999999999996,8.664,,,realworldqa_h2o_cr0p30.jsonl
realworldqa,h2o,0.5,,,,50,0.64,241.22500000000002,60.1286,16.698400000000003,8.616,,,realworldqa_h2o_cr0p50.jsonl
realworldqa,h2o,0.7,,,,50,0.64,246.84339999999992,59.704800000000006,16.808200000000006,8.616,,,realworldqa_h2o_cr0p70.jsonl
realworldqa,modality,,0.3,0.1,h2o,50,0.64,250.6466,59.13420000000001,16.966200000000004,8.667,,0.29229999999999995,realworldqa_modality-h2o_i0p30_t0p10.jsonl
realworldqa,modality,,0.5,0.2,h2o,50,0.68,249.63240000000002,58.2522,17.2308,8.616,,0.48837999999999987,realworldqa_modality-h2o_i0p50_t0p20.jsonl
realworldqa,modality,,0.7,0.2,h2o,50,0.62,255.34479999999994,59.43499999999998,16.881000000000004,8.616,,0.6800799999999999,realworldqa_modality-h2o_i0p70_t0p20.jsonl
realworldqa,modality,,0.7,0.3,h2o,50,0.68,255.648,59.883999999999986,16.749599999999997,8.616,,0.6839999999999999,realworldqa_modality-h2o_i0p70_t0p30.jsonl
realworldqa,modality,,0.8,0.3,h2o,50,0.64,255.789,60.254000000000005,16.659399999999998,8.616,,0.78022,realworldqa_modality-h2o_i0p80_t0p30.jsonl
realworldqa,pyramid,0.0,,,,50,0.66,177.12740000000002,60.51420000000001,16.607799999999994,8.734,,,realworldqa_pyramid_cr0p00.jsonl
realworldqa,pyramid,0.3,,,,50,0.64,205.16840000000005,60.948,16.4932,8.67,,,realworldqa_pyramid_cr0p30.jsonl
realworldqa,pyramid,0.5,,,,50,0.62,205.62560000000002,60.54780000000002,16.600200000000005,8.616,,,realworldqa_pyramid_cr0p50.jsonl
realworldqa,pyramid,0.7,,,,50,0.64,209.1272,61.22940000000001,16.409200000000006,8.616,,,realworldqa_pyramid_cr0p70.jsonl
realworldqa,snapkv,0.0,,,,50,0.64,176.9266,60.12840000000001,16.717999999999996,8.734,,,realworldqa_snapkv_cr0p00.jsonl
realworldqa,snapkv,0.3,,,,50,0.66,207.60280000000003,59.5694,16.871000000000002,8.664,,,realworldqa_snapkv_cr0p30.jsonl
realworldqa,snapkv,0.5,,,,50,0.64,204.26659999999995,60.4338,16.626799999999992,8.616,,,realworldqa_snapkv_cr0p50.jsonl
realworldqa,snapkv,0.7,,,,50,0.64,210.00620000000006,59.9176,16.770000000000003,8.616,,,realworldqa_snapkv_cr0p70.jsonl
realworldqa,streaming,0.0,,,,50,0.64,176.5674,58.91560000000001,17.059999999999995,8.734,,,realworldqa_streaming_cr0p00.jsonl
realworldqa,streaming,0.3,,,,50,0.6,183.07119999999998,59.99520000000001,16.750199999999996,8.664,,,realworldqa_streaming_cr0p30.jsonl
realworldqa,streaming,0.5,,,,50,0.6,185.5728,59.93460000000002,16.769,8.616,,,realworldqa_streaming_cr0p50.jsonl
realworldqa,streaming,0.7,,,,50,0.68,187.78059999999996,60.767199999999974,16.537199999999995,8.616,,,realworldqa_streaming_cr0p70.jsonl
